source_file,po_number,po_date,vendor,po_category,line_no,product,description,qty,rate,amount,line_class
po_1/1.txt,5392,04/30/2026,Lanco Contacts LLC,brokered,1,Electrical Equipment GE,CR123C356A NEW,3.0,18.0,54.0,brokered
po_1/2.txt,5391,04/30/2026,"Parrish-Hare, Powerhouse, PHES",brokered,1,Disconnects SQD,HU362RB NEW,18.0,381.0411111,6858.74,brokered
po_1/3.txt,5390,04/30/2026,ARCA or Eastern Electrical,brokered,1,(B) - Circuit Breaker SGLA36AT0600 with SRPG600A600,rating plug,1.0,1750.0,1750.0,brokered
po_1/4.txt,5389,04/30/2026,"Breakers Unlimited, Inc.",brokered,1,(B) - Electrical Equipment TCLK365,,2.0,92.0,184.0,brokered
po_1/4.txt,5389,04/30/2026,"Breakers Unlimited, Inc.",brokered,2,(B) - Electrical Equipment SGS1K,,2.0,432.5,865.0,brokered
po_1/4.txt,5389,04/30/2026,"Breakers Unlimited, Inc.",brokered,3,(B) - Electrical Equipment PCS4SGS,,2.0,360.0,720.0,brokered
po_1/5.txt,5388,04/28/2026,Community Recycling,scrap,1,Scrap MCM,(Payment for NTT),6132.0,3.3,20235.6,scrap
po_1/5.txt,5388,04/28/2026,Community Recycling,scrap,2,Scrap MCM Profit owed to Community,,1.0,10026.0,10026.0,scrap
po_1/6.txt,5386,04/28/2026,"Parrish-Hare, Powerhouse, PHES",unknown,1,Testing - Outsourced Primary Injection testing,Eaton 1600A Eaton 2000A,4.0,275.0,1100.0,service
po_1/7.txt,5385,04/28/2026,Midwest Electrical Testing,brokered,1,(B) - Electrical Equipment GE,PCS4SGD NEW,1.0,265.0,265.0,brokered
po_1/8.txt,5387,04/27/2026,Community Recycling,scrap,1,Scrap MCM,(Payment for NTT),6464.0,3.4,21977.6,scrap
po_1/8.txt,5387,04/27/2026,Community Recycling,scrap,2,Scrap MCM Profit owed to Community,,1.0,13287.32,13287.32,scrap
po_1/9.txt,5384,04/24/2026,"Parrish-Hare, Powerhouse, PHES",unknown,1,Testing - Outsourced Primary Injection Testing,EATON 1600A EATON 2000A,4.0,275.0,1100.0,service
po_1/10.txt,5383,04/24/2026,"Breakers Unlimited, Inc.",brokered,1,(B) - Electrical Equipment GSFP2,PCS GE APN/APN-B 2.75 Inch H,1.0,148.0,148.0,brokered
po_1/11.txt,5381,04/23/2026,Sparkstone Electrical Group LLC,brokered,1,(B) - Circuit Breaker EATON,FD2125 USED,1.0,275.0,275.0,brokered
po_1/12.txt,5380,04/22/2026,Lectric Connection,brokered,1,(B) - Circuit Breaker GE,THQB2120GFT NEW,1.0,125.0,125.0,brokered
po_1/13.txt,5379,04/22/2026,Electrical Service Products,brokered,1,(B) - Circuit Breaker EATON,FD2200,5.0,500.0,2500.0,brokered
po_1/14.txt,5377,04/22/2026,"Parrish-Hare, Powerhouse, PHES",brokered,1,Panels SQD,HC4486WP NEW,1.0,2355.44,2355.44,brokered
po_1/15.txt,5393,04/21/2026,Cummings Electrical,scrap,1,Scrap Scrap Insulated Wire,,1.0,19782.0,19782.0,scrap
po_1/16.txt,5382,04/21/2026,Community Recycling,scrap,1,Scrap MCM,(Payment for NTT),6701.0,3.4,22783.4,scrap
po_1/16.txt,5382,04/21/2026,Community Recycling,scrap,2,Scrap MCM Profit owed to Community,,1.0,8221.72,8221.72,scrap
po_1/17.txt,5376,04/21/2026,"Parrish-Hare, Powerhouse, PHES",brokered,1,(B) - Electrical Equipment SQD,"DT361 Safety switch, Double throw New 10-15 Day lead time",2.0,1331.98,2663.96,brokered
po_1/17.txt,5376,04/21/2026,"Parrish-Hare, Powerhouse, PHES",brokered,2,(B) - Electrical Equipment SQD,RFK06 KIT CLASS R FUSE REJECTION KIT,2.0,21.06,42.12,brokered
po_1/18.txt,5378,04/20/2026,"Rexel USA, Inc.",brokered,1,(B) - Electrical Equipment SQD D224NRB,,4.0,75.0,300.0,brokered
po_1/18.txt,5378,04/20/2026,"Rexel USA, Inc.",brokered,2,(B) - Electrical Equipment Line Enclosure,,1.0,100.0,100.0,brokered
po_1/18.txt,5378,04/20/2026,"Rexel USA, Inc.",brokered,3,(B) - Electrical Equipment Empty Enclosures,,2.0,200.0,400.0,brokered
po_1/18.txt,5378,04/20/2026,"Rexel USA, Inc.",brokered,4,(B) - Electrical Equipment 250MCM,,4.0,1.0,4.0,brokered
po_1/18.txt,5378,04/20/2026,"Rexel USA, Inc.",brokered,5,(B) - Electrical Equipment 2/0,,1.0,1.0,1.0,brokered
po_1/18.txt,5378,04/20/2026,"Rexel USA, Inc.",brokered,6,(B) - Electrical Equipment 75KVA 480-240 N3R 3PH XMFR,,1.0,600.0,600.0,brokered
po_1/19.txt,5375,04/20/2026,Community Recycling,scrap,1,Scrap MCM,(Payment for NTT),9755.0,3.4,33167.0,scrap
po_1/19.txt,5375,04/20/2026,Community Recycling,scrap,2,Scrap MCM Profit owed to Community,,1.0,17160.54,17160.54,scrap
po_1/20.txt,5374,04/20/2026,Moore Electrical Control,brokered,1,(B) - Circuit Breaker THQD32100,New,1.0,495.0,495.0,brokered
po_1/21.txt,5372,04/15/2026,Community Recycling,scrap,1,Scrap MCM,(Payment for NTT),7507.0,3.4,25523.8,scrap
po_1/21.txt,5372,04/15/2026,Community Recycling,scrap,2,Scrap MCM Profit owed to Community,,1.0,15998.33,15998.33,scrap
po_1/22.txt,5371,04/15/2026,Breaker Broker Inc,brokered,1,(B) - Electrical Equipment CUTLER HAMMER,CN15GN3AB New surplus,1.0,252.0,252.0,brokered
po_1/23.txt,5369,04/15/2026,"Parrish-Hare, Powerhouse, PHES",brokered,1,(B) - Electrical Equipment SQD,HC4486WP NEW,3.0,2355.44,7066.32,brokered
po_1/24.txt,5368,04/15/2026,ARCA or Eastern Electrical,brokered,1,(B) - Circuit Breaker GE,THQD32100 USED,1.0,250.0,250.0,brokered
po_1/25.txt,5367,04/15/2026,Lanco Contacts LLC,brokered,1,(B) - Electrical Equipment Eaton,AN16NN0A New,1.0,1530.0,1530.0,brokered
po_1/26.txt,5370,04/14/2026,Community Recycling,scrap,1,Scrap MCM,(Payment for NTT),7191.0,3.4,24449.4,scrap
po_1/26.txt,5370,04/14/2026,Community Recycling,scrap,2,Scrap MCM Profit owed to Community,,1.0,16957.88,16957.88,scrap
po_1/27.txt,5364,04/14/2026,American West Surplus.,brokered,1,(B) - Circuit Breaker SQD,EDB34070 USED,2.0,150.0,300.0,brokered
po_1/28.txt,5363,04/14/2026,ARCA or Eastern Electrical,brokered,1,(B) - Circuit Breaker GE,THQB1120GFT NEW,11.0,78.0,858.0,brokered
po_1/28.txt,5363,04/14/2026,ARCA or Eastern Electrical,brokered,2,(B) - Circuit Breaker GE,THQB2120GFT NEW,1.0,115.0,115.0,brokered
po_1/29.txt,5373,04/13/2026,MSHOCK,scrap,1,Scrap #1 Copper,,27047.0,5.32,143890.04,scrap
po_1/29.txt,5373,04/13/2026,MSHOCK,scrap,2,Scrap #2 Copper,,6631.0,5.12,33950.72,scrap
po_1/29.txt,5373,04/13/2026,MSHOCK,scrap,3,Scrap MCM Skinny,,865.0,4.02,3477.3,scrap
po_1/29.txt,5373,04/13/2026,MSHOCK,scrap,4,Scrap #2 Insulated,,355.0,1.78,631.9,scrap
po_1/29.txt,5373,04/13/2026,MSHOCK,scrap,5,Scrap Dirty #2 Copper,,5602.0,4.9,27449.8,scrap
po_1/29.txt,5373,04/13/2026,MSHOCK,scrap,6,Freight,,1.0,-2274.31,-2274.31,shipping
po_1/30.txt,5366,04/13/2026,Community Recycling,scrap,1,Scrap MCM,(Payment for NTT),6981.0,3.4,23735.4,scrap
po_1/30.txt,5366,04/13/2026,Community Recycling,scrap,2,Scrap MCM Profit owed to Community,,1.0,9665.17,9665.17,scrap
po_1/31.txt,5365,04/10/2026,Community Recycling,scrap,1,Scrap MCM,(Payment for NTT),7284.0,3.4,24765.6,scrap
po_1/31.txt,5365,04/10/2026,Community Recycling,scrap,2,Scrap MCM Profit owed to Community,,1.0,13464.21,13464.21,scrap
po_1/32.txt,5360,04/10/2026,"M&J Electrical Supply , Inc.",brokered,1,(B) - Circuit Breaker GE,SGLA36AT0600,1.0,1400.0,1400.0,brokered
po_1/33.txt,5359,04/10/2026,"Breakers Unlimited, Inc.",brokered,1,(B) - Electrical Equipment SGD1K,,1.0,775.0,775.0,brokered
po_1/33.txt,5359,04/10/2026,"Breakers Unlimited, Inc.",brokered,2,(B) - Electrical Equipment PCS4SGD,,1.0,360.0,360.0,brokered
po_1/34.txt,5362,04/09/2026,Community Recycling,scrap,1,Scrap MCM,(Payment for NTT),11192.0,3.4,38052.8,scrap
po_1/34.txt,5362,04/09/2026,Community Recycling,scrap,2,Scrap MCM Profit owed to Community,,1.0,17339.98,17339.98,scrap
po_1/35.txt,5357,04/09/2026,Lectric Connection,brokered,1,(B) - Circuit Breaker SQD,EDB34040 USED,2.0,125.0,250.0,brokered
po_1/35.txt,5357,04/09/2026,Lectric Connection,brokered,2,(B) - Circuit Breaker SQD,EDB34070 USED,2.0,145.0,290.0,brokered
po_1/36.txt,5361,04/08/2026,Community Recycling,scrap,1,Scrap MCM,(Payment for NTT),9073.0,3.4,30848.2,scrap
po_1/36.txt,5361,04/08/2026,Community Recycling,scrap,2,Scrap MCM Profit owed to Community,,1.0,10077.1,10077.1,scrap
po_1/37.txt,5355,04/08/2026,Upstate Breaker Wholesale,brokered,1,(B) - Circuit Breaker BAB3060H,,1.0,30.0,30.0,brokered
po_1/37.txt,5355,04/08/2026,Upstate Breaker Wholesale,brokered,2,,PARSE_ERROR:no_amount_found,,,,
po_1/38.txt,5354,04/07/2026,Silicon Valley Breaker & Control Inc.,brokered,1,(B) - Electrical Equipment SQD,HC4268WP NEW,1.0,2500.0,2500.0,brokered
po_1/39.txt,5353,04/07/2026,"Parrish-Hare, Powerhouse, PHES",brokered,1,"(B) - Electrical Equipment HUB HBLFRY SINGLEPOLE, 300/400A",FE,3.0,51.4,154.2,brokered
po_1/39.txt,5353,04/07/2026,"Parrish-Hare, Powerhouse, PHES",brokered,2,"(B) - Electrical Equipment HUB HBLFRGN SINGLEPOLE,",300/400A F,3.0,51.4,154.2,brokered
po_1/39.txt,5353,04/07/2026,"Parrish-Hare, Powerhouse, PHES",brokered,3,"(B) - Electrical Equipment HUB HBLFRO SINGLEPOLE, 300/400A",FE,3.0,51.4,154.2,brokered
po_1/39.txt,5353,04/07/2026,"Parrish-Hare, Powerhouse, PHES",brokered,4,"(B) - Electrical Equipment HUB HBLFRBN SINGLEPOLE,",300/400A F,3.0,51.4,154.2,brokered
po_1/40.txt,5352,04/07/2026,Silicon Valley Breaker & Control Inc.,brokered,1,(B) - Circuit Breaker SQD,EDB34040 USED,29.0,150.0,4350.0,brokered
po_1/41.txt,5350,04/06/2026,"Entech Sales & Service, LLC.",brokered,1,Electrical Equipment Purchased Low voltage switchgear - NTT data -,Room K1203 - See attached for details,,,20000.0,brokered
po_1/41.txt,5350,04/06/2026,"Entech Sales & Service, LLC.",brokered,2,Electrical Equipment Purchased Low voltage switchgear - NTT data -,Room K1501 - See attached for details,,,20000.0,brokered
po_1/41.txt,5350,04/06/2026,"Entech Sales & Service, LLC.",brokered,3,Electrical Equipment Purchased Low voltage switchgear - NTT data -,Room K1502 - See attached for details,,,20000.0,brokered
po_1/42.txt,5351,04/03/2026,Community Recycling,scrap,1,Scrap MCM,(Payment for NTT),7048.0,3.4,23963.2,scrap
po_1/42.txt,5351,04/03/2026,Community Recycling,scrap,2,Scrap MCM Profit owed to Community,,1.0,10434.25,10434.25,scrap
po_1/43.txt,5349,04/03/2026,Many Circuit Breakers,brokered,1,(B) - Circuit Breaker ITE,EE3B060 USED,1.0,100.0,100.0,brokered
po_1/43.txt,5349,04/03/2026,Many Circuit Breakers,brokered,2,(B) - Circuit Breaker ITE,EE2B020 USED,1.0,100.0,100.0,brokered
po_1/44.txt,5348,04/03/2026,Moore Electrical Control,brokered,1,(B) - Circuit Breaker GE,THQD32100 NEW,2.0,495.0,990.0,brokered
po_1/45.txt,5356,04/02/2026,Community Recycling,scrap,1,Scrap MCM,(Payment for NTT),11392.0,3.4,38732.8,scrap
po_1/45.txt,5356,04/02/2026,Community Recycling,scrap,2,Scrap MCM Profit owed to Community,,1.0,12987.53,12987.53,scrap
po_1/46.txt,5347,04/02/2026,Western Enterprises Supply Inc.,brokered,1,(B) - Circuit Breaker EATON,DNBA2020 NEW,3.0,49.0,147.0,brokered
po_1/47.txt,5346,04/02/2026,Western Enterprises Supply Inc.,brokered,1,(B) - Circuit Breaker SQD,EDB34035SA NEW,1.0,498.0,498.0,brokered
po_1/48.txt,5345,04/02/2026,Western Enterprises Supply Inc.,brokered,1,(B) - Circuit Breaker EATON,BAB3080HS USED,1.0,199.0,199.0,brokered
po_1/49.txt,5344,04/02/2026,Electric Motor Supply Co- Emsco,brokered,1,(B) - Electrical Equipment QMB367W,"800A, 3 pole, 600VAC **Please include a BLIND test report.**",1.0,5800.0,5800.0,brokered
po_1/50.txt,5343,04/02/2026,"Arkansas Electrical Outlet, LLC.",brokered,1,(B) - Electrical Equipment Allen Bradley 2100 12-inch Feeder,HFD-Frame 150-Amp with Door and Support Pan,1.0,2950.0,2950.0,brokered
po_1/50.txt,5343,04/02/2026,"Arkansas Electrical Outlet, LLC.",brokered,2,Freight UPS GROUND,1Z7E974E0360237569,1.0,46.0,46.0,shipping
po_2/1.txt,5327,04/01/2026,Custard Core Supply,scrap,1,Scrap 6061 PTD,,14740.0,1.07,15771.8,scrap
po_2/2.txt,5326,04/01/2026,"BCS Switchgear, INC",brokered,1,(B) - Electrical Equipment MDS632 handle,Used,1.0,300.0,300.0,brokered
po_2/3.txt,5325,04/01/2026,"Parrish-Hare, Powerhouse, PHES",unknown,1,Testing - Outsourced EATON,SBS616 Digi Trip 520 LSIG,1.0,275.0,275.0,service
po_2/4.txt,5320,03/30/2026,"Parrish-Hare, Powerhouse, PHES",unknown,1,Testing - Outsourced EATON,SBS616 DigiTrip 520 LSIG,1.0,275.0,275.0,service
po_2/5.txt,5319,03/26/2026,Lanco Contacts LLC,brokered,1,(B) - Circuit Breaker GE,CR460XP32 New,1.0,95.68,95.68,brokered
po_2/6.txt,5341,03/25/2026,Morley Moss,scrap,1,Scrap Neoprene,,1.0,3583.73,3583.73,scrap
po_2/6.txt,5341,03/25/2026,Morley Moss,scrap,2,Freight Freight,,1.0,-750.0,-750.0,shipping
po_2/7.txt,5324,03/25/2026,Community Recycling,scrap,1,Scrap MCM,(Payment for NTT),6578.0,3.35,22036.3,scrap
po_2/7.txt,5324,03/25/2026,Community Recycling,scrap,2,Scrap MCM Profit owed to Community,,1.0,6254.35,6254.35,scrap
po_2/8.txt,5323,03/24/2026,Community Recycling,scrap,1,Scrap MCM,(Payment for NTT),6218.0,3.3,20519.4,scrap
po_2/8.txt,5323,03/24/2026,Community Recycling,scrap,2,Scrap MCM Profit owed to Community,,1.0,5130.3,5130.3,scrap
po_2/9.txt,5340,03/23/2026,Morley Moss,scrap,1,Scrap Neoprene,,1.0,3704.76,3704.76,scrap
po_2/9.txt,5340,03/23/2026,Morley Moss,scrap,2,Freight Freight,,1.0,-375.0,-375.0,shipping
po_2/10.txt,5322,03/23/2026,Community Recycling,scrap,1,Scrap MCM,(Payment for NTT),5366.0,3.4,18244.4,scrap
po_2/10.txt,5322,03/23/2026,Community Recycling,scrap,2,Scrap MCM Profit owed to Community,,1.0,5352.05,5352.05,scrap
po_2/11.txt,5321,03/20/2026,Community Recycling,scrap,1,Scrap MCM,(Payment for NTT),1879.0,3.3,6200.7,scrap
po_2/11.txt,5321,03/20/2026,Community Recycling,scrap,2,Scrap MCM Profit owed to Community,,1.0,2396.4,2396.4,scrap
po_2/12.txt,5316,03/20/2026,Upstate Breaker Wholesale,brokered,1,Circuit Breaker SIEMENS,ED43B050 USED,1.0,95.0,95.0,brokered
po_2/12.txt,5316,03/20/2026,Upstate Breaker Wholesale,brokered,2,,PARSE_ERROR:no_amount_found,,,,
po_2/13.txt,5315,03/20/2026,"Parrish-Hare, Powerhouse, PHES",brokered,1,Electrical Equipment QTY: 1200 - N2/0BK50 2/0 THHN,Black 5000FT RL,1.0,4850.0,4850.0,brokered
po_2/14.txt,5314,03/20/2026,The Motor Control Center...,brokered,1,(B) - Electrical Equipment Siemens,3TF50-120V Contactor New - aftermarket,1.0,240.0,240.0,brokered
po_2/15.txt,5318,03/19/2026,Community Recycling,scrap,1,Scrap MCM,(Payment for NTT),1277.0,3.4,4341.8,scrap
po_2/15.txt,5318,03/19/2026,Community Recycling,scrap,2,Scrap MCM Profit owed to Community,,1.0,1472.6,1472.6,scrap
po_2/16.txt,5313,03/19/2026,Electric Motor Supply Co- Emsco,brokered,1,(B) - Electrical Equipment (1) Square-D ACP3EC Busway End,"Closure Busway Fittings, End Closure, 400 (Aluminum/Copper) A, 600 (Copper) A",1.0,500.0,500.0,brokered
po_2/17.txt,5312,03/19/2026,Midwest Electrical Testing,brokered,1,(B) - Circuit Breaker SQD,EHB34100 USED,1.0,1350.0,1350.0,brokered
po_2/18.txt,5317,03/18/2026,Community Recycling,scrap,1,Scrap MCM,(Payment for NTT),12339.0,3.5,43186.5,scrap
po_2/18.txt,5317,03/18/2026,Community Recycling,scrap,2,Scrap MCM Profit owed to Community,,1.0,10650.69,10650.69,scrap
po_2/19.txt,5308,03/18/2026,ARCA or Eastern Electrical,brokered,1,(B) - Circuit Breaker EGB34015SA,New in box,2.0,1065.0,2130.0,brokered
po_2/20.txt,5307,03/17/2026,"BCS Switchgear, INC",brokered,1,(B) - Circuit Breaker GE,THP84SS 800AF/400A CTs 300A rating plug LSIG RMS-9 Manually operated Houston Draw-Out,1.0,5900.0,5900.0,brokered
po_2/21.txt,5306,03/17/2026,K&L CO Business Park LLC,mixed,1,Scrap Expense Scrap Expense,,,,62500.0,scrap
po_2/21.txt,5306,03/17/2026,K&L CO Business Park LLC,mixed,2,Inventory Asset Inventory Asset,,,,62500.0,brokered
po_2/22.txt,5339,03/16/2026,Morley Moss,scrap,1,"Scrap Neoprene, Copper URD, & Sheet",,1.0,6233.11,6233.11,scrap
po_2/22.txt,5339,03/16/2026,Morley Moss,scrap,2,Freight Freight,,1.0,-375.0,-375.0,shipping
po_2/23.txt,5311,03/13/2026,Community Recycling,scrap,1,Scrap MCM,(Owed to NTT),11788.0,3.8,44794.4,scrap
po_2/23.txt,5311,03/13/2026,Community Recycling,scrap,2,Scrap MCM Profit owed to Community,,1.0,10053.8,10053.8,scrap
po_2/24.txt,5310,03/12/2026,Community Recycling,scrap,1,Scrap MCM,(Payment for NTT),12288.0,3.9,47923.2,scrap
po_2/24.txt,5310,03/12/2026,Community Recycling,scrap,2,Scrap MCM Profit owed to Community,,1.0,9709.75,9709.75,scrap
po_2/25.txt,5305,03/12/2026,"Entech Sales & Service, LLC.",brokered,1,Equipment Rental (2) - 1250KW 480V,Generators Stand -by in Parallel,,,32000.0,brokered
po_2/25.txt,5305,03/12/2026,"Entech Sales & Service, LLC.",brokered,2,Freight Round Trip Freight if needed (Gen1),,,,1200.0,shipping
po_2/25.txt,5305,03/12/2026,"Entech Sales & Service, LLC.",brokered,3,Freight Round Trip Freight if needed (Gen2),,,,1200.0,shipping
po_2/25.txt,5305,03/12/2026,"Entech Sales & Service, LLC.",brokered,4,,PARSE_ERROR:no_amount_found,,,,
po_2/26.txt,5330,03/11/2026,Morley Moss,scrap,1,Scrap Spaghetti,,130.0,3.7596154,488.75,scrap
po_2/26.txt,5330,03/11/2026,Morley Moss,scrap,2,Scrap Insulated Alum Wire,,1263.0,0.7,884.1,scrap
po_2/27.txt,5329,03/09/2026,Morley Moss,scrap,1,Scrap MCM,,1013.0,4.1,4153.3,scrap
po_2/27.txt,5329,03/09/2026,Morley Moss,scrap,2,Scrap MCM Skinny,,1009.0,3.82,3854.38,scrap
po_2/28.txt,5338,03/06/2026,Morley Moss,scrap,1,Scrap Neoprene,,1.0,4884.82,4884.82,scrap
po_2/28.txt,5338,03/06/2026,Morley Moss,scrap,2,Freight Freight,,1.0,-375.0,-375.0,shipping
po_2/29.txt,5304,03/06/2026,Greenville Transformer Co.,scrap,1,Scrap Aluminum Coils,,9524.0,0.5,4762.0,scrap
po_2/29.txt,5304,03/06/2026,Greenville Transformer Co.,scrap,2,Scrap Sheet Aluminum,,1204.0,0.75,903.0,scrap
po_2/29.txt,5304,03/06/2026,Greenville Transformer Co.,scrap,3,Scrap Copper/Aluminum Coils,,6127.0,2.45,15011.15,scrap
po_2/29.txt,5304,03/06/2026,Greenville Transformer Co.,scrap,4,Scrap #2 Copper,,11776.0,5.05,59468.8,scrap
po_2/29.txt,5304,03/06/2026,Greenville Transformer Co.,scrap,5,Scrap Copper Refinery,,566.0,1.75,990.5,scrap
po_2/30.txt,5300,03/06/2026,Lonestar Electrical and Demolition.,scrap,1,Scrap #2 Copper,,10223.0,5.3,54181.9,scrap
po_2/30.txt,5300,03/06/2026,Lonestar Electrical and Demolition.,scrap,2,Scrap #2 Insulated Wire,,1821.0,1.65,3004.65,scrap
po_2/30.txt,5300,03/06/2026,Lonestar Electrical and Demolition.,scrap,3,Scrap Bare Bright Copper,,15000.0,5.6,84000.0,scrap
po_2/30.txt,5300,03/06/2026,Lonestar Electrical and Demolition.,scrap,4,Scrap Bare Bright Copper,,6896.0,5.49,37859.04,scrap
po_2/30.txt,5300,03/06/2026,Lonestar Electrical and Demolition.,scrap,5,Scrap Copper Bus w/Plastic,,295.0,5.15,1519.25,scrap
po_2/30.txt,5300,03/06/2026,Lonestar Electrical and Demolition.,scrap,6,Scrap Copper Refinery,,577.0,1.65,952.05,scrap
po_2/31.txt,5299,03/06/2026,JRL Electrical Supply Inc.,brokered,1,(B) - Circuit Breaker GE,TEY335 NEW,1.0,195.0,195.0,brokered
po_2/31.txt,5299,03/06/2026,JRL Electrical Supply Inc.,brokered,2,(B) - Circuit Breaker GE,TEY325 NEW,5.0,195.0,975.0,brokered
po_2/32.txt,5298,03/05/2026,AAA Fabrication LLC,brokered,1,Electrical Equipment Temp Skids,"74""T x 48""W x 32""D 2x2x11ga Carbon Steel Tubing 6x3x.25 Fork Pockets / 11ga Btm Plate 6"" Dia X 2"" Wheels ""non marking"" 7"" Ground clearance (2) Swivel W/ Brakes (2) Rigid Powder Coated - Morley Moss Blue",9.0,1144.0,10296.0,brokered
po_2/32.txt,5298,03/05/2026,AAA Fabrication LLC,brokered,2,Electrical Equipment Temp Skids,"74""T x 48""W x 32""D 2x2x11ga Carbon Steel Tubing 6x3x.25 Fork Pockets / 11ga Btm Plate 6"" Dia X 2"" Wheels ""non marking"" 7"" Ground clearance (2) Swivel W/ Brakes (2) Rigid Powder Coated - HPG Green",11.0,1144.0,12584.0,brokered
po_2/32.txt,5298,03/05/2026,AAA Fabrication LLC,brokered,3,Electrical Equipment Charging Station,"Stationary Casters -6x2 Poly 2""x3/16"" Sq / 10ga Plate/ 6x3x.375 Fork Tubes w/ (3) Lifting Eyelets Powder Coated - Morley Moss Blue",8.0,4460.0,35680.0,brokered
po_2/32.txt,5298,03/05/2026,AAA Fabrication LLC,brokered,4,Electrical Equipment Charging Station,"Stationary Casters -6x2 Poly 2""x3/16"" Sq / 10ga Plate/ 6x3x.375 Fork Tubes w/ (3) Lifting Eyelets Powder Coated - HPG Green",2.0,4460.0,8920.0,brokered
po_2/33.txt,,,,unknown,5,,PARSE_ERROR:no_amount_found,,,,
po_2/34.txt,5296,03/05/2026,Colony Hardware,brokered,1,(B) - Electrical Equipment TI-T60100SW,"15,000 LUMEN LED OVERHEAD",4.0,121.0,484.0,brokered
po_2/35.txt,5295,03/05/2026,Breaker Broker Inc,brokered,1,(B) - Circuit Breaker FPE,NB130 Used/Tested,3.0,24.0,72.0,brokered
po_2/36.txt,5294,03/05/2026,"Parrish-Hare, Powerhouse, PHES",brokered,1,,PARSE_ERROR:no_amount_found,,,,
po_2/36.txt,5294,03/05/2026,"Parrish-Hare, Powerhouse, PHES",brokered,8,75D,"Incoming: Bottom Trim w/ Box Box Cat No: MH74D9VWP Ref. Drawing: PBA755 Feeders: 42 - 20A/1P QOB Prepared Space Optional Features: Standard Panel (Box Ahead),Metal Directory Frame,Standard Solid Neutral,Standard Ground Bar Branch User Placement",3.0,4786.3333333,14359.0,brokered
po_2/37.txt,,,,brokered,2,Electrical Equipment Product Details:,"60 - NQ442L2-PNLBD INT NQ 225A MLO 42 CKT 3P AL Consisting of 208Y/120V 3Ph 4W 60Hz SCCR: 10kA Fully Rated Single Main: 225A/3P QB Circuit Breaker Branch Neutral Lug Material: Aluminum Incoming Conductors: 1 - #4 - 300 kcmil AL Ground Bar Bus: 225A Rated Aluminum: Tin Plated 42 Circuit Interior Type 3R/5/12Box: 50H x 20W x 6.5D Incoming: Bottom Trim w/ Box Box Cat No: MH50WP Ref. Drawing: PBA711 Feeders: 2 - 100A/2P QOB 3 - 50A/2P QOB 32 - 20A/1P QOB Prepared Space Optional Features: Standard Panel (Box Ahead),Standard Solid Neutral,Standard Ground Bar 60 - PK27GTA-LOAD CENTER EQUIPMENT GROUND BAR ASSY 120 - NQFP15-NQ FILLER PLATE KIT (15 PER PKG) 60 - NQMB2Q-PNLBD NQ MCB KIT FOR 225A MAX Q FRAME 120 - QOB2100-MINIATURE CIRCUIT BREAKER 120/240V 100A 180 - QOB250-MINIATURE CIRCUIT BREAKER 120/240V 50A 60 - QBL32225-MOLDED CASE CIRCUIT BREAKER 240V 225A 60 - MH50WP-PANELBOARD ENCL/BOX TYPE 3R/12 50H 20W",60.0,1952.5,117150.0,brokered
po_2/38.txt,5293,03/04/2026,"Parrish-Hare, Powerhouse, PHES",brokered,1,Panels SQD,225A 208V 3P 4W MCB N3R Type NQOD To include QTY-1) QOB2100 QTY-2) QOB250,60.0,0.0,0.0,brokered
po_2/39.txt,5292,03/04/2026,"BCS Switchgear, INC",brokered,1,(B) - Electrical Equipment Replacement Handle for ABB SACE,E2.2S-A,1.0,300.0,300.0,brokered
po_2/40.txt,5337,03/03/2026,Morley Moss,scrap,1,Scrap Neoprene,,1.0,5141.65,5141.65,scrap
po_2/40.txt,5337,03/03/2026,Morley Moss,scrap,2,Freight Freight,,1.0,-750.0,-750.0,shipping
po_2/41.txt,5309,03/03/2026,AAA Fabrication LLC,brokered,1,Spider Box Double Spider Box Wheeled Rack,No signage ROYAL BLUE PAINT Add Light support,4.0,421.0,1684.0,brokered
po_2/42.txt,5291,03/03/2026,Breaker Broker Inc,brokered,1,(B) - Circuit Breaker SQD,MGL36800 New Surplus,1.0,3092.6,3092.6,brokered
po_2/43.txt,5289,03/03/2026,Breaker Broker Inc,brokered,1,(B) - Circuit Breaker FPE,"NA130 30 Amp, 1 Pole, Stab-Lok Used/Tested",3.0,5.32,15.96,brokered
po_2/44.txt,5288,03/03/2026,"Volunteer Equipment & Supply, Inc",brokered,1,,PARSE_ERROR:no_amount_found,,,,
po_2/44.txt,5288,03/03/2026,"Volunteer Equipment & Supply, Inc",brokered,112,5 KVA,"3 Phase, 480 - 240/120 Used/Tested",1.0,1500.0,1500.0,brokered
po_2/45.txt,5287,03/02/2026,"Parrish-Hare, Powerhouse, PHES",scrap,1,Scrap PRIO 6-03TCG-VN 6-3 GRD BC TC-ER,THHN/THWN-2 M4 w/#8 Bare Copper Ground,1.0,3895.45,3895.45,scrap
po_2/46.txt,5286,03/02/2026,"Parrish-Hare, Powerhouse, PHES",brokered,1,(B) - Electrical Equipment 6 - TYPE 000020:,HCJ3273WP HCJ 32 x 73 inch Type 3R enclosure NEW,1.0,5667.86,5667.86,brokered
po_2/46.txt,5286,03/02/2026,"Parrish-Hare, Powerhouse, PHES",brokered,2,(B) - Electrical Equipment 9 - TYPE 000010: MH50WP,PANELBOARD ENCL/BOX TYPE 3R/12 50H 20W NEW,1.0,6025.8,6025.8,brokered
po_2/46.txt,5286,03/02/2026,"Parrish-Hare, Powerhouse, PHES",brokered,3,(B) - Electrical Equipment 17 - TYPE 000010: MH50WP,PANELBOARD ENCL/BOX TYPE 3R/12 50H 20W NEW,1.0,11380.89,11380.89,brokered
po_2/46.txt,5286,03/02/2026,"Parrish-Hare, Powerhouse, PHES",brokered,4,(B) - Electrical Equipment 1 - TYPE 000030: NQ MB,PANEL (INTERIOR) NQ MB PANEL (INTERIOR),2.0,2270.76,4541.52,brokered
po_2/46.txt,5286,03/02/2026,"Parrish-Hare, Powerhouse, PHES",brokered,5,(B) - Electrical Equipment 2 - TYPE 000040:,"MH74D9VWP 74"" TALL, 8.75"" D x 27"" W, TYPE 3R encl.",1.0,3498.93,3498.93,brokered
po_2/48.txt,5285,03/02/2026,"BCS Switchgear, INC",brokered,1,(B) - Circuit Breaker SqD SED363000LSGA8,used Picked up Saturday 2/28,1.0,19500.0,19500.0,brokered
po_2/49.txt,5336,02/27/2026,Morley Moss,scrap,1,"Scrap Neoprene, Sheet, & Copper URD",,1.0,6322.69,6322.69,scrap
po_2/49.txt,5336,02/27/2026,Morley Moss,scrap,2,Freight Freight,,1.0,-375.0,-375.0,shipping
po_2/50.txt,5290,02/27/2026,"Preferred Mechanical Group, LLC (PMG)",scrap,1,Scrap Steel,,1033.0,0.05,51.65,scrap
po_2/50.txt,5290,02/27/2026,"Preferred Mechanical Group, LLC (PMG)",scrap,2,Scrap Cast Iron Compressor,,635.0,0.08,50.8,scrap
po_2/50.txt,5290,02/27/2026,"Preferred Mechanical Group, LLC (PMG)",scrap,3,Scrap Irony Alum/Copper Rads,,230.0,2.2,506.0,scrap
po_2/50.txt,5290,02/27/2026,"Preferred Mechanical Group, LLC (PMG)",scrap,4,Scrap #2 Insulated,,1.0,1.3,1.3,scrap
po_2/50.txt,5290,02/27/2026,"Preferred Mechanical Group, LLC (PMG)",scrap,5,Scrap Electric Motors w/Extra Steel,,240.0,0.3,72.0,scrap
po_2/51.txt,5284,02/27/2026,Simply Breakers.,brokered,1,(B) - Electrical Equipment AL600LF52K3 - Square D - Lug,Terminal Kit,1.0,420.0,420.0,brokered
po_2/52.txt,5335,02/26/2026,Morley Moss,scrap,1,Scrap Neoprene & Copper URD,,1.0,7869.54,7869.54,scrap
po_2/52.txt,5335,02/26/2026,Morley Moss,scrap,2,Freight Freight,,1.0,-375.0,-375.0,shipping
po_2/53.txt,5283,02/26/2026,"Breakers Unlimited, Inc.",brokered,1,(B) - Circuit Breaker Eaton,"BAB2060 ETN 2 Pole, 60 Amp, 240 Volts AC CH BAB CB New",2.0,42.4,84.8,brokered
po_3/1.txt,5281,02/26/2026,"Electrical Now, LLC.",brokered,1,(B) - Circuit Breaker SQD,QOB1201021 USED,4.0,75.0,300.0,brokered
po_3/2.txt,5280,02/26/2026,Advanced Electrical & Motor Controls Inc.,brokered,1,Equipment Repair SQD,PXF362000G Test / Repair,1.0,1200.0,1200.0,brokered
po_3/3.txt,5334,02/25/2026,Morley Moss,scrap,1,Scrap Neoprene & Sheet,,1.0,5015.2,5015.2,scrap
po_3/3.txt,5334,02/25/2026,Morley Moss,scrap,2,Freight Freight,,1.0,-750.0,-750.0,shipping
po_3/4.txt,5273,02/25/2026,Lanco Contacts LLC,brokered,1,(B) - Electrical Equipment Contactor,"GE CR463L60AJA CR460B Base with 120V coil, and (3) GE CR460XP32 (power pole with 2 poles)",1.0,438.38,438.38,brokered
po_3/4.txt,5273,02/25/2026,Lanco Contacts LLC,brokered,2,(B) - Electrical Equipment GE,CR460XMN 3 wire control module,1.0,133.5,133.5,brokered
po_3/5.txt,5272,02/25/2026,"NTT DATA Americas, Inc.",brokered,1,Switchgear K-Bldg Switchgear,,1.0,400000.0,400000.0,brokered
po_3/5.txt,5272,02/25/2026,"NTT DATA Americas, Inc.",brokered,2,Electrical Equipment Trane Chillers,,2.0,12500.0,25000.0,brokered
po_3/6.txt,5333,02/24/2026,Morley Moss,scrap,1,"Scrap Neoprene, Low Grade Ins, Sheet, &",Copper URD,1.0,5806.54,5806.54,scrap
po_3/6.txt,5333,02/24/2026,Morley Moss,scrap,2,Freight Freight,,1.0,-375.0,-375.0,shipping
po_3/7.txt,5328,02/24/2026,Morley Moss,scrap,1,Scrap Steel,,22440.0,0.04,897.6,scrap
po_3/7.txt,5328,02/24/2026,Morley Moss,scrap,2,Freight Freight,,1.0,-300.0,-300.0,shipping
po_3/8.txt,5270,02/24/2026,AAA Fabrication LLC,brokered,1,Spider Box Spider box pedistal,,34.0,421.0,14314.0,brokered
po_3/9.txt,5269,02/24/2026,Lanco Contacts LLC,brokered,1,(B) - Electrical Equipment Lanco,LAN403-120 40A 3pole 120V coil,1.0,49.0,49.0,brokered
po_3/10.txt,5268,02/24/2026,Breaker Broker Inc,brokered,1,(B) - Circuit Breaker GE,TEY130 New,1.0,42.0,42.0,brokered
po_3/11.txt,5332,02/23/2026,Morley Moss,scrap,1,Scrap Neoprene & Copper URD,,1.0,8990.81,8990.81,scrap
po_3/11.txt,5332,02/23/2026,Morley Moss,scrap,2,Freight Freight,,1.0,-750.0,-750.0,shipping
po_3/12.txt,5303,02/23/2026,ACIS Inc,scrap,1,Scrap Scrap RTU's,,3066.0,0.2829615,867.56,scrap
po_3/12.txt,5303,02/23/2026,ACIS Inc,scrap,2,Freight Freight,,1.0,-375.0,-375.0,shipping
po_3/13.txt,5266,02/23/2026,JMEG Electrical Contractors,brokered,1,Inventory - Electrical Equipment Electrical Equipment Purchased,,1.0,7500.0,7500.0,brokered
po_3/14.txt,5265,02/23/2026,Graphic Movers,brokered,1,Inventory - Electrical Equipment (3) 45kVA 480 Delta/240 Delta,Transformer,3.0,400.0,1200.0,brokered
po_3/15.txt,5264,02/20/2026,"Parrish-Hare, Powerhouse, PHES",unknown,1,Testing - Outsourced Primary Injection Testing,SQD PXF362000g USED,1.0,275.0,275.0,service
po_3/16.txt,5302,02/19/2026,ACIS Inc,scrap,1,Scrap Scrap RTU's,,1441.0,0.3342262,481.62,scrap
po_3/16.txt,5302,02/19/2026,ACIS Inc,scrap,2,Freight Freight,,1.0,-475.0,-475.0,shipping
po_3/17.txt,5263,02/19/2026,"Parrish-Hare, Powerhouse, PHES",brokered,1,(B) - Electrical Equipment SQD,"I-Line NEMA 3R Enclosure 86""x42"" New",1.0,1700.0,1700.0,brokered
po_3/18.txt,5271,02/18/2026,"Arkansas Electrical Outlet, LLC.",brokered,1,(B) - Electrical Equipment part#SQD 30kwv,,4.0,83.0,332.0,brokered
po_3/18.txt,5271,02/18/2026,"Arkansas Electrical Outlet, LLC.",brokered,2,shipping via UPS Acct# 1,,,,0.0,shipping
po_3/19.txt,5262,02/18/2026,Cummings Electrical,brokered,1,Inventory - Electrical Equipment Breakers,,1.0,350.0,350.0,brokered
po_3/20.txt,5261,02/18/2026,Eric McAdoo,brokered,1,Inventory 2 - Breakers,,,,2000.0,brokered
po_3/21.txt,5331,02/17/2026,Morley Moss,scrap,1,Scrap Neoprene,,1.0,3459.01,3459.01,scrap
po_3/21.txt,5331,02/17/2026,Morley Moss,scrap,2,Freight Freight,,1.0,-375.0,-375.0,shipping
po_3/22.txt,5297,02/13/2026,Morley Moss,scrap,1,Scrap Copper URD & Neoprene,,1.0,2992.59,2992.59,scrap
po_3/22.txt,5297,02/13/2026,Morley Moss,scrap,2,Freight Freight,,1.0,-375.0,-375.0,shipping
po_3/23.txt,5267,02/13/2026,MSHOCK,scrap,1,Scrap #2 Copper,,7346.0,5.13,37684.98,scrap
po_3/23.txt,5267,02/13/2026,MSHOCK,scrap,2,Scrap #1 Copper,,28251.0,5.28,149165.28,scrap
po_3/23.txt,5267,02/13/2026,MSHOCK,scrap,3,Scrap Alum/Copper Rads,,4605.0,2.77,12755.85,scrap
po_3/23.txt,5267,02/13/2026,MSHOCK,scrap,4,Freight Freight,,1.0,-2280.0,-2280.0,shipping
po_3/23.txt,5267,02/13/2026,MSHOCK,scrap,5,Scrap Storage Fees,,4.0,-1000.0,-4000.0,scrap
po_3/24.txt,5259,02/13/2026,Jose Rodriguez Garcia,brokered,1,Panels Panels with Breakers,,6.0,1083.3333333,6500.0,brokered
po_3/25.txt,5282,02/12/2026,Morley Moss,scrap,1,Scrap Neoprene,,1.0,4633.16,4633.16,scrap
po_3/25.txt,5282,02/12/2026,Morley Moss,scrap,2,Freight Freight,,1.0,-750.0,-750.0,shipping
po_3/26.txt,5258,02/12/2026,"Parrish-Hare, Powerhouse, PHES",brokered,1,"(B) - Electrical Equipment SQD QOFP Load center accessory,",QO/,100.0,2.69,269.0,brokered
po_3/26.txt,5258,02/12/2026,"Parrish-Hare, Powerhouse, PHES",brokered,2,"(B) - Electrical Equipment SQD NFFP15 Panelboard accessory,",NF,7.0,44.84,313.88,brokered
po_3/27.txt,5257,02/11/2026,"Parrish-Hare, Powerhouse, PHES",brokered,1,Inventory - Electrical Equipment JMC NRC4X4 XFMR PAD,,24.0,10.66,255.84,brokered
po_3/28.txt,5274,02/10/2026,ACIS Inc,scrap,1,Scrap Scrap RTU's,,12307.0,0.161114,1982.83,scrap
po_3/29.txt,5254,02/10/2026,Breaker Broker Inc,brokered,1,(B) - Circuit Breaker SQD,HOM260 Used,1.0,10.1,10.1,brokered
po_3/30.txt,5253,02/10/2026,Breaker Broker Inc,brokered,1,(B) - Electrical Equipment SQD,S29386 Shunt Trip - 110VAC to 130VAC New Surplus,2.0,150.5,301.0,brokered
po_3/31.txt,5358,02/09/2026,Amber Electric,scrap,1,Scrap Steel,,2195.0,0.05,109.75,scrap
po_3/31.txt,5358,02/09/2026,Amber Electric,scrap,2,Scrap Spaghetti,,115.0,3.0,345.0,scrap
po_3/31.txt,5358,02/09/2026,Amber Electric,scrap,3,Scrap Batteries (Extra Small),,830.0,0.2,166.0,scrap
po_3/32.txt,5278,02/09/2026,Morley Moss,scrap,1,Scrap Neoprene & Copper URD,,1.0,2006.62,2006.62,scrap
po_3/32.txt,5278,02/09/2026,Morley Moss,scrap,2,Freight Freight,,1.0,-750.0,-750.0,shipping
po_3/33.txt,5252,02/09/2026,Electrical Products and Control.,brokered,1,(B) - Circuit Breaker SQD,HJA36150U33X New Surplus,13.0,1385.0,18005.0,brokered
po_3/33.txt,5252,02/09/2026,Electrical Products and Control.,brokered,2,(B) - Circuit Breaker SQD,JJA36250U33X New Surplus,2.0,1450.0,2900.0,brokered
po_3/33.txt,5252,02/09/2026,Electrical Products and Control.,brokered,3,(B) - Circuit Breaker SQD,PJA36120U33A New Surplus,1.0,8000.0,8000.0,brokered
po_3/33.txt,5252,02/09/2026,Electrical Products and Control.,brokered,4,Shipping Shipping,,1.0,243.16,243.16,shipping
po_3/34.txt,5251,02/09/2026,Lanco Contacts LLC,brokered,1,Starters GE,CR306C002 Starter only,1.0,300.0,300.0,brokered
po_3/35.txt,5250,02/09/2026,"M&J Electrical Supply , Inc.",brokered,1,(B) - Circuit Breaker ABB,XT1NU3100AFF000XXX NEW,2.0,325.0,650.0,brokered
po_3/36.txt,5249,02/09/2026,J & S Circuit Breakers Inc.,brokered,1,(B) - Electrical Equipment FPE,QMQB2036R Used/Repainted/Reconditioned,3.0,1650.0,4950.0,brokered
po_3/36.txt,5249,02/09/2026,J & S Circuit Breakers Inc.,brokered,2,Freight Freight,,1.0,75.0,75.0,shipping
po_3/37.txt,5277,02/06/2026,Morley Moss,scrap,1,Scrap Neoprene & Copper URD,,1.0,6700.55,6700.55,scrap
po_3/37.txt,5277,02/06/2026,Morley Moss,scrap,2,Freight Freight,,1.0,-750.0,-750.0,shipping
po_3/38.txt,5248,02/06/2026,"BCS Switchgear, INC",scrap,1,Scrap #2 Copper,,4811.0,5.03,24199.33,scrap
po_3/38.txt,5248,02/06/2026,"BCS Switchgear, INC",scrap,2,Scrap #2 Insulated,,138.0,1.67,230.46,scrap
po_3/38.txt,5248,02/06/2026,"BCS Switchgear, INC",scrap,3,Scrap Copper Refinery,,64.0,1.5,96.0,scrap
po_3/38.txt,5248,02/06/2026,"BCS Switchgear, INC",scrap,4,Scrap Copper Bus w/Plastic,,52.0,4.81,250.12,scrap
po_3/38.txt,5248,02/06/2026,"BCS Switchgear, INC",scrap,5,Scrap #1 Copper,,106.0,5.17,548.02,scrap
po_3/39.txt,5247,02/06/2026,"Arkansas Electrical Outlet, LLC.",brokered,1,(B) - Electrical Equipment Cutler Hammer,"2100 18-inch Size 3 Breaker Type HMCP-Frame 100-Amp, CPT, SSOL Relay any devices with Door and Support Pan",2.0,3950.0,7900.0,brokered
po_3/39.txt,5247,02/06/2026,"Arkansas Electrical Outlet, LLC.",brokered,2,Freight Freight,,1.0,190.0,190.0,shipping
po_3/40.txt,5246,02/06/2026,Upstate Breaker Wholesale,brokered,1,(B) - Circuit Breaker FPE,NB230 Reconditioned,1.0,20.0,20.0,brokered
po_3/41.txt,5276,02/05/2026,Morley Moss,scrap,1,Scrap Neoprene,,1.0,3823.53,3823.53,scrap
po_3/41.txt,5276,02/05/2026,Morley Moss,scrap,2,Freight Freight,,1.0,-750.0,-750.0,shipping
po_3/42.txt,5245,02/05/2026,J & P Electrical Company LLC,brokered,1,(B) - Electrical Equipment FPE,"QMQB1136R Twin, 100A/100A, 600V, Fusible switch Used/Tested",1.0,800.0,800.0,brokered
po_3/43.txt,5244,02/05/2026,FSG Dallas,brokered,1,Transformers Transformers purchased,,1.0,6000.0,6000.0,brokered
po_3/44.txt,5301,02/04/2026,ACIS Inc,scrap,1,Scrap Scrap RTU's,,2054.0,0.3017624,619.82,scrap
po_3/45.txt,5256,02/04/2026,Morley Moss,scrap,1,Scrap Neoprene & Copper URD,,1.0,3477.7,3477.7,scrap
po_3/45.txt,5256,02/04/2026,Morley Moss,scrap,2,Freight Freight (pickup/drop off),,1.0,-750.0,-750.0,shipping
po_3/46.txt,5243,02/04/2026,Hunt Electric Corporation,brokered,1,Inventory - Electrical Equipment Misc. Breakers - See attachment,,1.0,5700.0,5700.0,brokered
po_3/47.txt,5242,02/04/2026,Greenville Transformer Co.,brokered,1,(B) - Services Refurbishment/Repair,"225kVa 13200 Delta 480Y/277 Serial; # 05-271-0 Includes: Minor Bake, New Oil, Gasket, Paint and Test Delivery: 8 Weeks Freight: Included on GTC Truck, customer to load Warranty: One Year",1.0,4082.0,4082.0,brokered
po_3/48.txt,5241,02/04/2026,Greenville Transformer Co.,brokered,1,Transformers 1 - 300 KVA Three Phase Padmount,13200 Delta Primary 480y/277 Secondary 4 - 2 ½% taps Dead Front / Radial Feed (if they need Loop Feed we can put Feed Thru Inserts) Liquid Level Gauge Liquid Temperature Gauge Pressure Relief Vavle Drain valve W/sampler Mineral Oil Filled Std. Accessories Delivery: 6 Weeks Freight: Included Warranty: One Year,1.0,23900.0,23900.0,brokered
po_3/49.txt,5240,02/04/2026,"Electrical Now, LLC.",brokered,1,(B) - Circuit Breaker EATON,FD3200 USED,3.0,425.0,1275.0,brokered
po_3/50.txt,5239,02/04/2026,"Electrical Surplus, Inc.",brokered,1,(B) - Circuit Breaker EATON,FD3200 USED,1.0,350.0,350.0,brokered
po_3/50.txt,5239,02/04/2026,"Electrical Surplus, Inc.",brokered,2,Shipping Next Day Air,,1.0,38.0,38.0,shipping
po_4/1.txt,5238,02/04/2026,"Volunteer Equipment & Supply, Inc",brokered,1,(B) - Circuit Breaker EATON,FD3200 USED,1.0,375.0,375.0,brokered
po_4/2.txt,5235,02/03/2026,ARCA or Eastern Electrical,brokered,1,(B) - Circuit Breaker EATON,GHB1025 NEW,1.0,100.0,100.0,brokered
po_4/2.txt,5235,02/03/2026,ARCA or Eastern Electrical,brokered,2,(B) - Circuit Breaker EATON,GHB1015 NEW,1.0,100.0,100.0,brokered
po_4/3.txt,5234,02/03/2026,Caleb Palmer.,mixed,1,Electrical Equipment 4000A breaker,,1.0,2000.0,2000.0,brokered
po_4/3.txt,5234,02/03/2026,Caleb Palmer.,mixed,2,Scrap Misc. and Scrap,,1.0,800.0,800.0,scrap
po_4/4.txt,5233,02/03/2026,"Arkansas Electrical Outlet, LLC.",brokered,1,MCC Allen Bradley 12-inch Feeder HFDFrame 20-Amp with Door and Support,Pan,1.0,1250.0,1250.0,brokered
po_4/4.txt,5233,02/03/2026,"Arkansas Electrical Outlet, LLC.",brokered,2,Shipping Direct Ship to Customer $55.00/Taxes,$78.30,1.0,133.3,133.3,shipping
po_4/5.txt,5232,02/03/2026,"Volunteer Equipment & Supply, Inc",brokered,1,(B) - Circuit Breaker EATON,FD3200 USED,1.0,375.0,375.0,brokered
po_4/6.txt,5236,02/02/2026,Lonestar Electrical and Demolition.,scrap,1,Scrap Copper Transformers,,12000.0,1.07,12840.0,scrap
po_4/7.txt,5231,02/02/2026,"Parrish-Hare, Powerhouse, PHES",brokered,1,(B) - Electrical Equipment SQD MH50WP,Panelboard enclosure box,2.0,856.8,1713.6,brokered
po_4/7.txt,5231,02/02/2026,"Parrish-Hare, Powerhouse, PHES",brokered,2,(B) - Electrical Equipment WW,MH50WPWMD,3.0,856.8,2570.4,brokered
po_4/8.txt,5230,02/02/2026,"Electrical Now, LLC.",brokered,1,Circuit Breaker SQD,QBL32150 Recon/Tested,2.0,150.0,300.0,brokered
po_4/9.txt,5229,01/30/2026,"Circuit Breaker Sales, Inc.",unknown,1,Testing - Outsourced DS416,Breaker Restoration,1.0,750.0,750.0,service
po_4/10.txt,5228,01/30/2026,"Electrical Now, LLC.",brokered,1,Equipment Repair SCOPE OF WORK:,REPAIR/REFURBISH 2 GE AC3P3A16S REBUILD ALL PHASES ON ONE BUSWAY CLEAN AND REFURBISH ONE BUSWAY REFURBISH 4 JOINT PACKS,1.0,30000.0,30000.0,brokered
po_4/10.txt,5228,01/30/2026,"Electrical Now, LLC.",brokered,2,Freight Freight,,1.0,815.0,815.0,shipping
po_4/11.txt,5227,01/29/2026,"Parrish-Hare, Powerhouse, PHES",unknown,1,Testing - Outsourced Primary Injection Testing,DS416,2.0,312.5,625.0,service
po_4/12.txt,5226,01/29/2026,Breaker Broker Inc,brokered,1,(B) - Electrical Equipment CH PNL PRL2A 225A 480V MLO,N3R NEW 72'' CANS,4.0,2350.0,9400.0,brokered
po_4/12.txt,5226,01/29/2026,Breaker Broker Inc,brokered,2,(B) - Electrical Equipment CH PNL PRL2A 225A 480V MLO,N1 NEW,1.0,950.0,950.0,brokered
po_4/12.txt,5226,01/29/2026,Breaker Broker Inc,brokered,3,(B) - Electrical Equipment CUTLER HAMMER BKFD N 600V 3P,NEW,9.0,175.0,1575.0,brokered
po_4/13.txt,5225,01/28/2026,Custard Core Supply,scrap,1,Scrap #2 Copper,,2465.0,5.16,12719.4,scrap
po_4/13.txt,5225,01/28/2026,Custard Core Supply,scrap,2,Scrap #1 Copper,,652.0,5.26,3429.52,scrap
po_4/13.txt,5225,01/28/2026,Custard Core Supply,scrap,3,Scrap Harness Wire,,476.0,2.28,1085.28,scrap
po_4/13.txt,5225,01/28/2026,Custard Core Supply,scrap,4,Scrap Copper Refinery,,210.0,1.5,315.0,scrap
po_4/13.txt,5225,01/28/2026,Custard Core Supply,scrap,5,Scrap Sheet Aluminum,,200.0,0.79,158.0,scrap
po_4/14.txt,5224,01/23/2026,"Hargrove Electric Co, Inc..",scrap,1,Scrap MCM,,400.0,4.01,1604.0,scrap
po_4/15.txt,5223,01/23/2026,Lanco Contacts LLC,brokered,1,(B) - Electrical Equipment Eaton,AN16NN0A New in Box,1.0,1493.63,1493.63,brokered
po_4/16.txt,5218,01/23/2026,ARCA or Eastern Electrical,brokered,1,(B) - Circuit Breaker GE,THQB2120GFT NEW,3.0,115.0,345.0,brokered
po_4/16.txt,5218,01/23/2026,ARCA or Eastern Electrical,brokered,2,(B) - Circuit Breaker GE,THQB2130GFT NEW,3.0,130.0,390.0,brokered
po_4/17.txt,5255,01/21/2026,Morley Moss,scrap,1,Scrap Neoprene & Copper URD,,1.0,5309.71,5309.71,scrap
po_4/17.txt,5255,01/21/2026,Morley Moss,scrap,2,Freight Freight (pickup/drop off),,1.0,-675.0,-675.0,shipping
po_4/18.txt,5217,01/21/2026,Eric McAdoo,scrap,1,Scrap Mixed MCM,,2788.0,3.45,9618.6,scrap
po_4/18.txt,5217,01/21/2026,Eric McAdoo,scrap,2,Scrap Copper Bus w/Plastic,,854.0,4.5,3843.0,scrap
po_4/19.txt,5214,01/21/2026,"M&J Electrical Supply , Inc.",brokered,1,Transformers SQD,EE25S3H RECON,1.0,890.0,890.0,brokered
po_4/19.txt,5214,01/21/2026,"M&J Electrical Supply , Inc.",brokered,2,Freight Freight,,1.0,312.0,312.0,shipping
po_4/20.txt,5213,01/20/2026,Breaker Broker Inc,brokered,1,(B) - Electrical Equipment Russellstoll,3933 Connector,1.0,55.94,55.94,brokered
po_4/21.txt,5212,01/20/2026,"Breakers Unlimited, Inc.",brokered,1,(B) - Electrical Equipment Eaton,BKKD ETN PRL1A/2A 400A Bottom Feed CH MCCB ACC,1.0,475.0,475.0,brokered
po_4/22.txt,5211,01/20/2026,United Salvage Associates,scrap,1,Scrap Electrical Panels,,5.0,750.0,3750.0,scrap
po_4/23.txt,5210,01/20/2026,Silicon Valley Breaker & Control Inc.,brokered,1,(B) - Electrical Equipment SQD,N3R Panel Enclosure 86x42,1.0,4000.0,4000.0,brokered
po_4/23.txt,5210,01/20/2026,Silicon Valley Breaker & Control Inc.,brokered,2,Freight Freight - R & L Carrier,,1.0,800.88,800.88,shipping
po_4/24.txt,5209,01/19/2026,Breaker Broker Inc,brokered,1,(B) - Electrical Equipment SQD NQOD BLANK,UZQC1,100.0,0.65,65.0,brokered
po_4/25.txt,5207,01/16/2026,Advanced Electrical & Motor Controls Inc.,brokered,1,(B) - Electrical Equipment Siemens,25-135-017-506-HI New,6.0,200.0,1200.0,brokered
po_4/26.txt,5279,01/14/2026,HC Beck,scrap,1,Scrap Long Iron,"Delivered to CMC on 12/30/25, 1/8/26, & 1/12/26",14760.0,0.06,885.6,scrap
po_4/26.txt,5279,01/14/2026,HC Beck,scrap,2,Scrap Steel Wire,Delivered to Gold Metal/EMR on 1/14/26,9100.0,0.03,273.0,scrap
po_4/27.txt,5222,01/14/2026,Morley Moss,scrap,1,Scrap Neoprene & MCM Skinny,,1.0,10450.74,10450.74,scrap
po_4/27.txt,5222,01/14/2026,Morley Moss,scrap,2,Freight Freight,,1.0,-300.0,-300.0,shipping
po_4/28.txt,5206,01/14/2026,BD Electrical.,brokered,1,(B) - Electrical Equipment Busway Doors for AP50410,Reconditioned,20.0,25.0,500.0,brokered
po_4/29.txt,5205,01/14/2026,"M&J Electrical Supply , Inc.",brokered,1,(B) - Circuit Breaker EDB34125 (Recon) Square D Breaker,,2.0,350.0,700.0,brokered
po_4/29.txt,5205,01/14/2026,"M&J Electrical Supply , Inc.",brokered,2,(B) - Circuit Breaker QOB250 (Recon) Square D Breaker,,7.0,10.0,70.0,brokered
po_4/30.txt,5204,01/14/2026,"Parrish-Hare, Powerhouse, PHES",brokered,1,(B) - Electrical Equipment SPC HBLFRSW,,1.0,83.17,83.17,brokered
po_4/31.txt,5203,01/13/2026,"Parrish-Hare, Powerhouse, PHES",brokered,1,Fuses S&C 132150R4 14.4KV 100E SM-5,REFILL STD SPEED,3.0,523.5,1570.5,brokered
po_4/31.txt,5203,01/13/2026,"Parrish-Hare, Powerhouse, PHES",brokered,2,Fuses FRZ A155F2D0R0-100E 15.5KV DD,B215902,3.0,930.78,2792.34,brokered
po_4/32.txt,5202,01/12/2026,HC Beck,scrap,1,Scrap Batteries,,1420.0,0.2,284.0,scrap
po_4/33.txt,5200,01/09/2026,J & P Electrical Company LLC,brokered,1,(B) - Electrical Equipment Powertran Transfomer,75 KVA 3P N1 Primary: 240v Secondary: 208Y/120v Used / Tested,1.0,2000.0,2000.0,brokered
po_4/33.txt,5200,01/09/2026,J & P Electrical Company LLC,brokered,2,Freight Shipped XPO Freight PRO# 508168253,,1.0,350.0,350.0,shipping
po_4/34.txt,5198,01/09/2026,"M&J Electrical Supply , Inc.",brokered,1,(B) - Circuit Breaker EATON,GHB3080 USED,1.0,175.0,175.0,brokered
po_4/35.txt,5194,01/08/2026,"Parrish-Hare, Powerhouse, PHES",unknown,1,Testing - Outsourced MTZ2-16H,Primary / Secondary Injection testing,1.0,275.0,275.0,service
po_4/36.txt,5275,01/06/2026,Morley Moss,scrap,1,Scrap Neoprene,,1.0,1527.17,1527.17,scrap
po_4/36.txt,5275,01/06/2026,Morley Moss,scrap,2,Freight Freight (drop off/pick up),,1.0,-850.0,-850.0,shipping
po_4/37.txt,5193,01/06/2026,Breaker Broker Inc,brokered,1,(B) - Circuit Breaker Eaton,BAB3060H Used/Tested,2.0,84.0,168.0,brokered
po_4/38.txt,5192,01/06/2026,BD Electrical.,brokered,1,(B) - Electrical Equipment SQD,AP506G Price Per SQFT,10.0,85.0,850.0,brokered
po_4/38.txt,5192,01/06/2026,BD Electrical.,brokered,2,Freight Freight - Estes Delivery Charge,,1.0,868.0,868.0,shipping
po_4/39.txt,5191,01/06/2026,Electric Motor Supply Co- Emsco,brokered,1,(B) - Electrical Equipment SQD,PKA36150GN USED,1.0,1950.0,1950.0,brokered
po_4/40.txt,5190,01/06/2026,Silicon Valley Breaker & Control Inc.,brokered,1,(B) - Circuit Breaker SQD,EHB34080 USED,1.0,1300.0,1300.0,brokered
po_4/40.txt,5190,01/06/2026,Silicon Valley Breaker & Control Inc.,brokered,2,Freight Freight Charge,,1.0,25.74,25.74,shipping
po_4/41.txt,5196,01/05/2026,Amber Electric,scrap,1,Scrap Steel,,1158.0,0.05,57.9,scrap
po_4/41.txt,5196,01/05/2026,Amber Electric,scrap,2,Scrap Spaghetti,,212.0,3.47,735.64,scrap
po_4/41.txt,5196,01/05/2026,Amber Electric,scrap,3,Scrap Aluminum BX,,60.0,1.9,114.0,scrap
po_4/41.txt,5196,01/05/2026,Amber Electric,scrap,4,Scrap Cast Aluminum,,104.0,0.68,70.72,scrap
po_4/41.txt,5196,01/05/2026,Amber Electric,scrap,5,Scrap Sheet Aluminum,,52.0,0.65,33.8,scrap
po_4/42.txt,5189,01/05/2026,Breaker Broker Inc,brokered,1,(B) - Electrical Equipment Cover Plate for BKFD Hardware Kit,,1.0,45.0,45.0,brokered
po_4/43.txt,5188,01/05/2026,Breaker Broker Inc,brokered,1,(B) - Circuit Breaker FPE,"NA120 1-Pole, 20A, 208/120V",5.0,5.32,26.6,brokered
po_4/44.txt,5195,12/30/2025,Amber Electric,scrap,1,Scrap Steel,,1594.0,0.05,79.7,scrap
po_4/44.txt,5195,12/30/2025,Amber Electric,scrap,2,Scrap Sheet Aluminum,,37.0,0.75,27.75,scrap
po_4/45.txt,5187,12/30/2025,Western Enterprises Supply Inc.,brokered,1,(B) - Circuit Breaker Eaton,BAB3080 USED,1.0,53.0,53.0,brokered
po_4/46.txt,5186,12/30/2025,"Parrish-Hare, Powerhouse, PHES",unknown,1,Testing - Outsourced PJA36120 w/ 5.0A trip,,2.0,275.0,550.0,service
po_4/47.txt,5185,12/30/2025,"Parrish-Hare, Powerhouse, PHES",unknown,1,Testing - Outsourced ATS testing,,1.0,2000.0,2000.0,service
po_4/48.txt,5184,12/29/2025,Lectric Connection,brokered,1,(B) - Circuit Breaker GE,SEHA36AT0030 30A Plug USED,1.0,175.0,175.0,brokered
po_4/48.txt,5184,12/29/2025,Lectric Connection,brokered,2,(B) - Circuit Breaker GE,SEHA36AT0030 15A Plug USED,2.0,175.0,350.0,brokered
po_4/49.txt,5221,12/23/2025,Morley Moss,scrap,1,Scrap Neoprene,,1.0,2314.86,2314.86,scrap
po_4/49.txt,5221,12/23/2025,Morley Moss,scrap,2,Scrap Freight,,1.0,-550.0,-550.0,scrap
po_4/49.txt,5221,12/23/2025,Morley Moss,scrap,3,Scrap Freight for Metal Spools,,1.0,-1642.8,-1642.8,scrap
po_4/50.txt,5197,12/23/2025,Eric. Turnipseed,scrap,1,Scrap Steel,,3574.0,0.05,178.7,scrap
po_4/50.txt,5197,12/23/2025,Eric. Turnipseed,scrap,2,Scrap Alum Breakage,,316.0,0.15,47.4,scrap
po_4/50.txt,5197,12/23/2025,Eric. Turnipseed,scrap,3,Scrap Sheet Aluminum,,634.0,0.7,443.8,scrap
po_5/1.txt,5180,12/23/2025,HC Beck,scrap,1,Scrap #2 DLO,,1180.0,1.5,1770.0,scrap
po_5/2.txt,5208,12/22/2025,"Rafael Moreno, Jr",scrap,1,Scrap Scrap Chillers,,4799.0,1.0989915,5274.06,scrap
po_5/3.txt,5179,12/22/2025,"Volunteer Equipment & Supply, Inc",brokered,1,(B) - Circuit Breaker SQD,HDA260504 USED,5.0,400.0,2000.0,brokered
po_5/3.txt,5179,12/22/2025,"Volunteer Equipment & Supply, Inc",brokered,2,Freight Freight,,1.0,53.75,53.75,shipping
po_5/4.txt,5178,12/19/2025,ARCA or Eastern Electrical,brokered,1,(B) - Circuit Breaker SQD,LC36300 Used,2.0,1000.0,2000.0,brokered
po_5/5.txt,5176,12/18/2025,M.V.J CIRCUIT BREAKERS INC,brokered,1,(B) - Circuit Breaker EATON,CHB250 USED,2.0,50.0,100.0,brokered
po_5/6.txt,5175,12/16/2025,ARCA or Eastern Electrical,brokered,1,(B) - Circuit Breaker GE,TEY335 NEW,6.0,190.0,1140.0,brokered
po_5/6.txt,5175,12/16/2025,ARCA or Eastern Electrical,brokered,2,(B) - Circuit Breaker GE,TEY325 NEW,6.0,190.0,1140.0,brokered
po_5/7.txt,5174,12/16/2025,Prestige Pools,scrap,1,Scrap #2 Copper,,1157.0,4.55,5264.35,scrap
po_5/7.txt,5174,12/16/2025,Prestige Pools,scrap,2,Scrap Electric Motors - Small,,5124.0,0.35,1793.4,scrap
po_5/8.txt,5173,12/16/2025,Gold Auto Parts Recyclers,unknown,1,"Loan to NSCW, LTD - Gold Auto",Parts Cash advance to be repaid on or before 12/17/2025,,,75000.0,non_inventory
po_5/9.txt,5219,12/15/2025,Amber Electric,scrap,1,Scrap Steel,,1140.0,0.05,57.0,scrap
po_5/9.txt,5219,12/15/2025,Amber Electric,scrap,2,Scrap Aluminum BX,,50.0,2.0,100.0,scrap
po_5/9.txt,5219,12/15/2025,Amber Electric,scrap,3,Scrap Insulated Mix,,617.0,1.5,925.5,scrap
po_5/9.txt,5219,12/15/2025,Amber Electric,scrap,4,Scrap Aluminum Transformers,,1402.0,0.2,280.4,scrap
po_5/10.txt,5201,12/15/2025,Copper Asset Recovery,scrap,1,Scrap Scrap Chillers,,14896.0,0.5370569,8000.0,scrap
po_5/11.txt,5177,12/15/2025,United Salvage Associates,scrap,1,"Scrap Misc. Scrap (Steel, Alum Breakage, #2",MCM & Sheet Alum),737.0,0.46,339.02,scrap
po_5/12.txt,5172,12/15/2025,"Parrish-Hare, Powerhouse, PHES",brokered,1,(B) - Electrical Equipment DWC 020115KVEPRPVC: 2 AWG 1/C,CTS MV-105 133% EPR/PVC 15KV 150FT RUN,150.0,6.6117333,991.76,brokered
po_5/13.txt,5220,12/12/2025,Morley Moss,scrap,1,Scrap Neoprene,,1.0,2025.73,2025.73,scrap
po_5/13.txt,5220,12/12/2025,Morley Moss,scrap,2,Scrap Freight,,1.0,-450.0,-450.0,scrap
po_5/13.txt,5220,12/12/2025,Morley Moss,scrap,3,Scrap Freight for Metal Spools,,1.0,-968.5,-968.5,scrap
po_5/14.txt,5171,12/12/2025,Fuseco,brokered,1,(B) - Electrical Equipment FRZ,9F62FDD150 EJO1 GP,3.0,2163.77,6491.31,brokered
po_5/15.txt,5170,12/12/2025,Fuseco,brokered,1,(B) - Electrical Equipment Cutler Hammer,15RBA4-100E,3.0,430.6133333,1291.84,brokered
po_5/16.txt,5169,12/12/2025,M.V.J CIRCUIT BREAKERS INC,brokered,1,(B) - Circuit Breaker ZINSCO,QB243040 USED / TESTED,1.0,300.0,300.0,brokered
po_5/17.txt,5216,12/11/2025,ACIS Inc,scrap,1,Scrap Scrap RTU's,,4857.0,0.1629277,791.34,scrap
po_5/18.txt,5166,12/11/2025,MSHOCK,brokered,1,(B) - Electrical Equipment 2x 4000A BPO SWITCH,1x 1200A BPO SWITCH,1.0,25000.0,25000.0,brokered
po_5/18.txt,5166,12/11/2025,MSHOCK,brokered,2,(B) - Electrical Equipment SQD,BUS DUCT,1.0,5000.0,5000.0,brokered
po_5/18.txt,5166,12/11/2025,MSHOCK,brokered,3,Inventory - Electrical Equipment Misc. Panels,,1.0,8000.0,8000.0,brokered
po_5/19.txt,5165,12/10/2025,Upstate Breaker Wholesale,brokered,1,(B) - Circuit Breaker SQD,QOB2125 New - no box,1.0,90.0,90.0,brokered
po_5/20.txt,5164,12/10/2025,Eric. Turnipseed,scrap,1,Scrap Misc Scrap,,1.0,8148.4,8148.4,scrap
po_5/21.txt,5163,12/10/2025,Eric. Turnipseed,scrap,1,Scrap Scrap UPS,,1.0,5352.65,5352.65,scrap
po_5/22.txt,5162,12/09/2025,Cole Power Consulting Group LLC,brokered,1,(B) - Electrical Equipment CATERPILLER,25KW CAT00C33VN3C00168,1.0,10000.0,10000.0,brokered
po_5/22.txt,5162,12/09/2025,Cole Power Consulting Group LLC,brokered,2,Shipping EXPRESS DELIVERY,,1.0,2700.0,2700.0,shipping
po_5/23.txt,5161,12/09/2025,Angelo Mitchell,brokered,1,(B) - Electrical Equipment GE - SFHA Breakers,,135.0,125.0,16875.0,brokered
po_5/24.txt,5183,12/08/2025,ACIS Inc,scrap,1,Scrap Scrap RTU's,,7582.0,0.1987747,1507.11,scrap
po_5/25.txt,5160,12/08/2025,Artie Jones,brokered,1,Generator Buyback purchase for generator,Ref. Inv.#314812 Pickup on 12/8/2025,1.0,2000.0,2000.0,brokered
po_5/26.txt,5159,12/08/2025,FSG Dallas,brokered,1,Inventory - Electrical Equipment 30J7949 - Left over Breakers,,1.0,11750.0,11750.0,brokered
po_5/27.txt,5158,12/05/2025,Simply Breakers.,brokered,1,Circuit Breaker SQD,QOB280 New,3.0,56.8333333,170.5,brokered
po_5/28.txt,5260,12/04/2025,Generator Source,brokered,1,Generators New Generator,090353-800kW Cummins-DQCC-2390308- 1240375908-2024-- QSK23-G785019529- 277/480v-enclosed with tank,,,250000.0,brokered
po_5/28.txt,5260,12/04/2025,Generator Source,brokered,2,Freight Freight,,,,4950.0,shipping
po_5/29.txt,5181,12/04/2025,"Preferred Mechanical Group, LLC (PMG)",scrap,1,Scrap Scrap RTU's,,901.0,0.075,67.58,scrap
po_5/30.txt,5167,12/04/2025,Quality Switchgear,scrap,1,Scrap #2 Copper,,21147.0,4.27,90297.69,scrap
po_5/30.txt,5167,12/04/2025,Quality Switchgear,scrap,2,Scrap Bare Bright Copper,,34.0,4.83,164.22,scrap
po_5/30.txt,5167,12/04/2025,Quality Switchgear,scrap,3,Scrap Copper Bus w/Plastic,,1275.0,4.2,5355.0,scrap
po_5/30.txt,5167,12/04/2025,Quality Switchgear,scrap,4,Freight Freight,,1.0,-600.0,-600.0,shipping
po_5/31.txt,5157,12/04/2025,Diversified Electrical Solutions,scrap,1,Scrap MCM,,488.0,3.45,1683.6,scrap
po_5/31.txt,5157,12/04/2025,Diversified Electrical Solutions,scrap,2,Scrap Low Grade INS,,56.0,0.9,50.4,scrap
po_5/31.txt,5157,12/04/2025,Diversified Electrical Solutions,scrap,3,Scrap Spaghetti,,147.0,3.1,455.7,scrap
po_5/32.txt,5215,12/03/2025,ACIS Inc,scrap,1,Scrap Scrap RTU's,,5666.0,0.1987681,1126.22,scrap
po_5/33.txt,5155,12/03/2025,Breaker Broker Inc,brokered,1,(B) - Electrical Equipment SQD,"S29386 shunt trip, 110VAC to 130VAC",1.0,150.5,150.5,brokered
po_5/34.txt,5154,12/01/2025,Eric McAdoo,scrap,1,Scrap MCM,,6109.0,3.41,20831.69,scrap
po_5/35.txt,5151,12/01/2025,Core Transformers.,brokered,1,(B) - Electrical Equipment QUOTE NO: 15089,"750 kVA, Padmount Transformer 3 Phase 12470 Delta - 480Y/277 Condition: Reconditioned Warranty: 3 years Size: 750 kVA High Voltage: 12470 Delta 10kV BIL Low Voltage: 480Y/277 10kV BIL Taps: 13093 12782 12470 12158 11847 Impedance: 5.7% HV Termination: Dead Front Loop Feed HV Bushings: 200A Wells w/ Inserts LV Bushings: 6 Hole NEMA Spacing Fusing: None Switch: None Fluid: Mineral Oil Frequency: 60Hz Temp Rise: 65° Cooling Class: ONAN Conductor: AL/AL Gauges: Dial Temperature Gauge, Dial Liquid Level Gauge, 5lb. PRV, Pressure/Vac. Gauge, 1"" (Drain & Sample)",1.0,34000.0,34000.0,brokered
po_5/36.txt,5156,11/25/2025,Diversified Electrical Solutions,scrap,1,Scrap Spaghetti,,627.0,3.14,1968.78,scrap
po_5/36.txt,5156,11/25/2025,Diversified Electrical Solutions,scrap,2,Scrap MCM,,266.0,3.53,938.98,scrap
po_5/36.txt,5156,11/25/2025,Diversified Electrical Solutions,scrap,3,Scrap MCM #2,,669.0,2.62,1752.78,scrap
po_5/36.txt,5156,11/25/2025,Diversified Electrical Solutions,scrap,4,Scrap Copper Transformer - Small,,280.0,0.6,168.0,scrap
po_5/36.txt,5156,11/25/2025,Diversified Electrical Solutions,scrap,5,Scrap Steel,,70.0,0.05,3.5,scrap
po_5/37.txt,5149,11/25/2025,AIT Recycling,brokered,1,(B) - Electrical Equipment 20 - Breakers,,20.0,1000.0,20000.0,brokered
po_5/38.txt,5147,11/20/2025,"Parrish-Hare, Powerhouse, PHES",brokered,1,(B) - Electrical Equipment PRIO 535-01DLO 535.3 DIESEL,LOCOMOTIVE 3 runs of 80ft 1 Day lead time,1.0,4917.39,4917.39,brokered
po_5/39.txt,5146,11/20/2025,Mark Davis,brokered,1,"Inventory - Electrical Equipment LIA36400U33X,","HJL36030,Kal36100,HJL36125",1.0,1250.0,1250.0,brokered
po_5/40.txt,5145,11/20/2025,Electric South-AL,brokered,1,(B) - Electrical Equipment 15kv switch,600a fused for 90a reconditioned,1.0,12000.0,12000.0,brokered
po_5/41.txt,5144,11/20/2025,"Volunteer Equipment & Supply, Inc",brokered,1,(B) - Electrical Equipment 15 kv siemes 600 amp nema 3r clean,and painted,1.0,4500.0,4500.0,brokered
po_5/42.txt,5143,11/20/2025,Angelo Mitchell,brokered,1,Inventory - Electrical Equipment PLA361200U64,New,1.0,4000.0,4000.0,brokered
po_5/42.txt,5143,11/20/2025,Angelo Mitchell,brokered,2,Inventory - Electrical Equipment CHKD3400F,w/ 350a trips Used,10.0,325.0,3250.0,brokered
po_5/42.txt,5143,11/20/2025,Angelo Mitchell,brokered,3,Inventory - Electrical Equipment HFD3225,Used,16.0,175.0,2800.0,brokered
po_5/43.txt,5153,11/18/2025,MSHOCK,scrap,1,Scrap #1 Copper Pipe,,13803.0,4.41,60871.23,scrap
po_5/43.txt,5153,11/18/2025,MSHOCK,scrap,2,Scrap #2 Copper Pipe,,528.0,4.26,2249.28,scrap
po_5/43.txt,5153,11/18/2025,MSHOCK,scrap,3,Scrap MCM Skinny,,816.0,3.36,2741.76,scrap
po_5/43.txt,5153,11/18/2025,MSHOCK,scrap,4,Scrap Freight,,1.0,-2175.0,-2175.0,scrap
po_5/44.txt,5142,11/17/2025,ARCA or Eastern Electrical,brokered,1,(B) - Circuit Breaker SQD,"KI36175 175A, 600V, 3 Phase, 200kAIC @ 480V Used",2.0,2100.0,4200.0,brokered
po_5/45.txt,5141,11/17/2025,Sparkstone Electrical Group LLC,brokered,1,(B) - Circuit Breaker SQD,"KI36175 175A, 600V, 3 Phase, 200kAIC @ 480V Used",2.0,1425.5,2851.0,brokered
po_5/46.txt,5140,11/17/2025,"Parrish-Hare, Powerhouse, PHES",unknown,1,Testing - Outsourced Primary Injection Testing,,4.0,1000.0,4000.0,service
po_5/47.txt,5139,11/13/2025,Cummings Electrical,brokered,1,Electrical Equipment QTY 6),WavePro 12k Type: WPF-16 CAT# : WEMGBQMF1XBBXXX AMP: 1600A TRIP CAT# : RMS9D04023B QTY 4) 20k WavePro Type: WPX-40 CAT# : WE3NBQVF1XBBXXX AMP: 4000A TRIP CAT# : RMS9D040950,1.0,10000.0,10000.0,brokered
po_5/48.txt,5138,11/12/2025,"M&J Electrical Supply , Inc.",brokered,1,(B) - Circuit Breaker GE,TEYL3060B NEW,1.0,375.0,375.0,brokered
po_5/49.txt,5182,11/11/2025,ACIS Inc,scrap,1,Scrap Scrap RTU's,,3522.0,0.0330068,116.25,scrap
po_5/50.txt,5137,11/11/2025,"M&J Electrical Supply , Inc.",brokered,1,(B) - Circuit Breaker SQD,QOB250 USED,10.0,10.0,100.0,brokered
